CARTE;NOM;SEXE;ADRESSE_NUM;ADRESSE_RUE;ADRESSE_CODE;ADRESSE_VILLE;ADRESSE_LAT;ADRESSE_LON;TELEPHONE;MAIL;NAISSANCE;METIER
9000001;Noor Ashwaq;F;13;Lotissement le Domaine des Cedres;83310;Cogolin;43.249789;6.523057;06 90 20 91 00;Noor34@gmail.fr;1968;Traiteur
9000004;Frederique Pouchard;F;15;Hameau Golf Parc Oasis;83580;Gassin;43.255447;6.570365;06 37 77 62 86;FredPPP@me.com;1997;Enseignante
9000009;Dayna J. Henderson;F;11;Place des Artisans;83310;Grimaud;43.274649;6.579281;04 80 34 28 40;Dayna_thebest@icloud.com;1983;Receptionniste
9000010;Mathilde Bourgouin;F;11;Hameau des Anges;83310;Cogolin;43.25319;6.52193;06 91 23 61 15;CoucouCMathilde@gmail.com;1990;Boulangere
9000011;Xavier Frappier;M;6;Allee des Sources;83350;Ramatuelle;43.218679;6.609879;04 55 22 99 43;xav83350@orange.fr;1993;Technicien telecom
9000015;Loretta Sevilla Tamayo;F;1945;Ancienne Route la Garde Freinet;83680;La Garde-Freinet;43.29254;6.48818;06 15 00 53 23;lololorette@gmail.com;1955;Commercante
9000016;Victoire Mazuret;F;20;Brusquet;83310;Grimaud;43.270677;6.529293;04 67 02 67 27;vivimama83@gmail.com;1988;Postiere
9000020;Monique Simon;F;6;Rue de l'Ile Ronde;83310;Grimaud;43.270303;6.576849;04 68 26 58 96;monique.simon@zoho.com;1937;Retraitee
9000023;Benjamin Deschamps;M;83;Residence les Lisieres de St Tropez;83580;Gassin;43.261672;6.618628;06 33 06 21 08;benjy.deschamps@zoho.com;1995;Animateur Jeunesse
9000032;Dunya Rawhah;F;87;Le Ponant;83310;Grimaud;43.272626;6.578643;04 65 60 72 89;dunya_rawraw@orange.fr;1980;Comptable
9000037;Eric Bourdette;M;3;Hameau les Crottes;83310;Grimaud;43.280866;6.545353;04 78 72 11 02;riri83310@orange.fr;1990;Menuisier
9000042;Franziska Hirsch;F;19;Lotissement la Bergerie;83310;Grimaud;43.270471;6.529677;04 94 09 47 03;franziskahirsch14@orange.fr;1966;Clerc de notaire
9000045;Fabienne Richard;F;13;Rue Four;83990;Saint-Tropez;43.273465;6.640382;04 49 65 08 77;fabiedesainttropez@bbox.com;1995;Infirmiere
9000047;Asia Chmielewska;F;750;Le Perat;83310;Grimaud;43.262177;6.547569;04 97 10 14 82;asiaasia@zoho.com;1993;Gendarme
9000048;Oceane Charest;F;12;Avenue Jean de Florette;83240;Cavalaire-sur-Mer;43.186407;6.526119;04 15 56 36 71;oceane2mouette@me.com;1978;Pepinieriste
9000054;Fantino Mazzi;M;47;Residence les Hauts de Grimaud;83310;Grimaud;43.294449;6.581836;04 94 01 33 10;mazzi3000@aol.com;1955;Viticulteur
9000056;Patrick Bienvenue;M;4;Route Nationale;83680;La Garde-Freinet;43.317221;6.471797;06 13 18 51 10;bienvenue.patrick.83680@yahoo.fr;1991;Medecin
9000061;Auguste Loiseau;M;3;L'Ile de la Tortue;83420;La Croix-Valmer;43.190577;6.600298;04 20 38 94 09;lezozio@orange.fr;1948;Retraite
9000064;Bernard Garreau;M;1071;Route de Tahiti;83350;Ramatuelle;43.245752;6.663694;04 55 14 43 39;bernard-elec@yahoo.fr;1982;Electricien
9000074;Nadhir Kardal;M;22;Rue des Romarins;83120;Le Plan-de-la-Tour;43.350367;6.546222;06 71 11 70 82;nadduplan@bbox.com;1988;Vendeur
9000085;Oliver Bourque;M;1346;Route du Luc;83680;La Garde-Freinet;43.325561;6.474284;06 04 18 12 01;oliv-blender-guru@gmail.fr;1990;Infographiste
9000087;Michael B. Potts;M;49;Chemin de Saint Antoine;83990;Saint-Tropez;43.261751;6.632215;04 45 51 62 73;mister-potts@gmail.com;1989;Ingenieur
9000088;Filomana Trejo;F;35;Corniche des Iles d'Or;83980;Le Lavandou;43.151036;6.410201;04 62 42 30 16;filotrejo@hotmail.com;1978;Ingenieure
9000089;Florian Martin;M;1;Impasse des Lorettes;83990;Saint-Tropez;43.26741;6.642333;04 52 96 29 08;martin568915@orange.fr;1971;Peintre en batiment
9000100;Alice Vertefeuille;F;1000;Chemin des Crottes et de St Marc;83310;Cogolin;43.243483;6.49637;04 09 05 24 67;alicedecogo@bbox.com;1992;Coiffeuse
9000109;Gabrielle Laramee;F;11;Rue Amphitrite;83310;Grimaud;43.274415;6.576978;04 79 01 49 02;gaby576@gmail.fr;1998;Vendeuse
9000110;Dany Ponce;M;133;Chemin du Hameau de l'Hermitan;83310;Cogolin;43.254865;6.504864;04 07 69 36 71;monsieurponce@zoho.com;1942;Retraite
9000111;Robert Gerin-Lajoie;M;5;Rue des Moulins;83310;Cogolin;43.252468;6.53219;04 03 51 62 27;robsaittoutfaire@laposte.net;1957;Sans emploi
9000117;Elise Brazier;F;5000;Chemin des Iris Oasis;83580;Gassin;43.255994;6.573522;06 54 60 37 29;doudoubrazier@gmail.com;1960;Sans emploi
9000119;Cyril Deslys;M;14;Rue des Freres Lumiere;83310;Cogolin;43.2573;6.526945;04 02 70 26 42;c.deslys@gmail.com;1941;Retraite
9000121;Ange Pelissier;M;18;Rue des 3 Rives;83310;Grimaud;43.269962;6.579324;04 97 15 47 58;3rivieresgrimaud@orange.fr;1941;Retraite
9000123;Alice Dufour;F;14;Hameau du Levant;83420;La Croix-Valmer;43.208544;6.559787;04 27 21 48 30;alicederrierelemirroir@orange.fr;1994;Etudiante
9000124;Edith Lagueux;F;1;Rue Diderot;83310;Cogolin;43.250598;6.5319;07 97 18 57 20;edith-l-123456789@icloud.com;1968;Sans emploi
9000126;Anna Carvalho Fernandes;F;11;Les Mas du Moulin;83310;Cogolin;43.252423;6.518821;06 92 89 53 99;superanna83@gmail.com;1991;Serveuse
9000129;Marie Beaulieu;F;16;Impasse des Rouves;83310;Cogolin;43.248917;6.52448;04 07 59 22 10;marie.et.robert.beaulieu@hotmail.com;1983;Commerciale
9000132;Nadia J. Knudsen;F;366;Chemin des Crottes;83310;Grimaud;43.280844;6.545006;04 97 44 48 20;knudsen_family_at_grimaud@gmail.fr;1932;Retraitee
9000135;Lucinda Ramirez;F;417;Impasse des Merlettes;83520;Roquebrune-sur-Argens;43.477859;6.632391;06 63 12 65 79;lulu-est-la@orange.fr;1984;Surveillante
9000136;Laurence Despins;F;64;Hameau Provence Parc Oasis;83580;Gassin;43.254849;6.571209;06 43 19 40 34;zozo1989@zoho.com;1989;Cuisiniere
9000139;Kimberly J. Moore;F;20;Rue Saint Exupery;83310;Cogolin;43.252245;6.532414;06 86 85 88 96;Kim-kinesitherapie-cogolin@orange.fr;1991;Kinesitherapeute
9000140;Estienne Devereaux;M;15;Lot le Parc Saint Antoine;83310;Grimaud;43.280572;6.560848;04 90 38 26 62;Estienne.d83@laposte.net;1936;Retraite
9000141;Georges Preux;M;443;Chemin du Cap;83350;Ramatuelle;43.24883;6.6711;04 60 75 83 29;plomberie_preux@icloud.com;1994;Plombier
9000144;Lucille Racine;F;21;Les Bastidons de Pampelonne;83350;Ramatuelle;43.221518;6.65342;04 58 45 18 96;heylesfillesdu83@yahoo.fr;1992;Sans emploi
9000151;Hu Chiang;M;27;Chemin du Canadel;83310;Cogolin;43.241311;6.528024;04 11 11 16 08;hu-chiang-1526345@zoho.com;1983;Commercant
9000152;Nasser Abdul-Adl;M;136;Chemin des 4 Vents;83350;Ramatuelle;43.210091;6.633579;04 58 41 97 82;nasser.de.rama@yahoo.fr;1986;Pediatre
9000160;Diane Barrette;F;15;Impasse des Roseaux;83230;Bormes-les-Mimosas;43.119602;6.349548;06 15 92 41 45;barette-des-roseaux@sfr.fr;1995;Etudiante
9000164;Eleonore Archambault;F;323;Avenue de la Calanque;83240;Cavalaire-sur-Mer;43.16935;6.537836;04 16 95 26 94;eleonorepetitchat@gmail.fr;1996;Etudiante
9000170;Marcelle Longchambon;M;581;Chemin du Magnan;83310;Cogolin;43.244439;6.505053;04 01 60 86 85;longchambon83310@me.com;1931;Retraitee
9000172;Valerie Rouleau;F;15;Lotissement Val Orea 1;83120;Sainte-Maxime;43.299287;6.621773;04 30 10 98 84;valoumaxime@sfr.fr;1993;Sans emploi
9000173;Monika Freitag;F;3006;Guerrevieille;83310;Grimaud;43.29488;6.609718;04 96 49 26 55;monika.Freitag.grimaou@gmail.fr;1991;Hotesse de l'air
9000180;Leon Dandonneau ;M;211;Mas de Guerrevieille;83120;Sainte-Maxime;43.299145;6.618521;04 41 45 32 17;leon.dandanneau@aol.com;1931;Retraite
9000181;Catherine Chalut;F;22;Impasse du Stade;83310;Cogolin;43.252814;6.539124;04 09 77 27 13;cathy_chalut@aol.com;1984;Sans emploi
9000185;Roselyn Chandonnet;F;315;Avenue du Rigaud;83240;Cavalaire-sur-Mer;43.175415;6.521377;04 19 97 05 95;rosedessables@sfr.fr;1979;Vendeuse
9000187;Yves Lambert;M;7;Rue des Romains;83310;Cogolin;43.245827;6.531979;04 06 47 81 47;lambert-transport-83@bbox.com;1984;Chauffeur de taxi
9000188;Tiphaine Gribelin;F;10;Lotissement Val Orea 1;83120;Sainte-Maxime;43.299872;6.620981;04 28 26 09 73;titi83120@yahoo.fr;1979;Poissonniere
9000192;Kelly Parra Perez;F;78;Avenue du 15 Aout 1944;83990;Saint-Tropez;43.266168;6.626109;04 49 62 50 22;kellyparraperez@gmail.com;1979;Agricultrice
9000196;Najat Maloof;F;27;Rue Longue;83680;La Garde-Freinet;43.317074;6.469254;06 23 26 71 38;maloof.najat@icloud.com;1981;Secretaire
9000200;Capucine Allard;F;1482;Chemin du Jas Rout;83120;Le Plan-de-la-Tour;43.347734;6.568096;06 77 12 83 71;capusexy@gmail.fr;1993;Etudiante
9000201;Alexandra Lajoie;M;18;ZAC du Golf;83120;Sainte-Maxime;43.3387;6.648191;04 43 06 41 15;yadelajoieamaxime@sfr.fr;1958;Paysagiste
9000207;Aurelia Rochette;F;9;Avenue de la Girelle;83420;La Croix-Valmer;43.199143;6.557031;04 24 17 83 35;lili.et.polo@orange.fr;1982;Sans emploi
9000211;Johanna Quintanilla;F;280;Chemin de la Galline;83680;La Garde-Freinet;43.326892;6.495968;06 30 63 94 44;quintanilla@bbox.com;1981;Sans emploi
9000214;Vivien Breguet;M;9;Hameau Provence Parc Oasis;83580;Gassin;43.254116;6.572926;06 34 11 48 68;vivitheman@gmail.fr;1974;Maraicher
9000217;Vivien Laffitte;M;1;La Bouillabaisse;83420;La Croix-Valmer;43.191515;6.565363;04 25 95 49 65;vivien.lafitte@zoho.com;1971;Geometre
9000222;Armelle Pretre;F;103;Chemin de l'Aire du Pin;83120;Le Plan-de-la-Tour;43.344032;6.551006;06 72 94 40 08;maitre.pretre.office.notarial@gmail.com;1981;Notaire
9000223;Gaby Fournier;M;9;Impasse des Ecureuils;83240;Cavalaire-sur-Mer;43.196997;6.521549;04 19 14 61 40;gaby.de.cavalaire@sfr.fr;1933;Retraite
9000224;Frederic Guillaume;M;265;Chemin de Tremouries;83310;Cogolin;43.250394;6.541706;06 93 37 00 31;fred-a-donf@gmail.fr;1978;Entraineur sportif
9000226;Alexandre Tourneur;M;7;Rue Andre Marie Ampere;83310;Cogolin;43.256843;6.529435;04 00 68 11 41;photographie-tourneur@gmail.com;1974;Photographe
9000227;Henry Sauriol;M;39;Quai du Bailli de Suffren;83990;Saint-Tropez;43.271474;6.638834;04 52 67 97 24;ririsansloulou@orange.fr;1986;Sans emploi
9000233;Colette Jaccoud;F;14;Rue du Vieux Puits;83580;Gassin;43.228528;6.585289;06 55 73 09 76;colettelabo@sfr.fr;1963;Laborantine
9000236;Aude Laurent;F;8;Rue de la Magnanerie;83120;Sainte-Maxime;43.325756;6.626391;04 30 82 40 61;aude-et-marcus-du-83@gmail.com;1969;Sans emploi
9000238;Jerome Desnoyer;M;109;Avenue Escudelier;83350;Ramatuelle;43.188509;6.647082;04 57 31 69 43;famille-desnoyer@gmail.fr;1991;Sans emploi
9000240;Lucille Bourque;F;3;Lotissement Chateau Martin;83580;Gassin;43.26291;6.615824;06 56 28 88 30;lucille1994@free.fr;1994;Infirmiere
9000244;Kornelia Zawadzka;F;104;Rue des Messugues;83240;Cavalaire-sur-Mer;43.175999;6.516828;04 15 90 00 70;zawadzaka_k@sfr.fr;1951;Retraitee
9000252;Monique Doiron;F;11;Rue du Peyron;83310;Cogolin;43.253145;6.535501;04 07 25 39 63;monique.doiron2@hotmail.com;1943;Retraitee
9000256;Landers Dube;M;12;Rue Hoche;83310;Cogolin;43.250343;6.532492;07 26 92 10 69;landers10000@orange.fr;1994;Etudiant
9000257;Georges Bler;M;17;Allee Lou Val Figuiere;83120;Sainte-Maxime;43.323786;6.630736;04 28 01 84 56;Bler.courtage@gmail.com;1982;Courtier
9000259;Jennifer Dutoit;F;21;Boulevard des Grands Horizons;83120;Sainte-Maxime;43.316606;6.649782;04 34 67 62 32;jenny1981@laposte.net;1985;Archiviste
9000260;Franck Jegou;M;2;Chemin du Capon;83990;Saint-Tropez;43.261893;6.658344;04 49 46 93 01;la-ferme-de-francky@icloud.com;1939;Eleveur
9000262;Maud Gagnon;F;16;Avenue Georges Clemenceau;83310;Cogolin;43.251168;6.53532;04 11 00 21 10;tournesolsenfolie@gmail.fr;1982;Fleuriste
9000264;Ginette Berger;F;22;Rue du Cepoun San Martin;83990;Saint-Tropez;43.2726;6.639288;04 43 93 43 10;ginette3000@gmail.fr;1961;Estheticienne
9000267;Wioletta Piotrowska;F;1;Place des Aires;83680;La Garde-Freinet;43.316715;6.468514;06 15 25 55 97;wioletta.piotrowska@yahoo.fr;1972;Enseignante
9000268;Moise Figuier;M;10;Avenue du General Leclerc;83990;Saint-Tropez;43.268722;6.634205;04 44 47 95 24;moisesttropez@aol.com;1978;Agent de securite
9000275;Alice Pinneau;F;7;Avenue du Titan;83820;Rayol-Canadel-sur-Mer;43.159386;6.471948;06 63 54 62 38;alice83820@gmail.com;1998;Etudiante
9000277;Elodie Kaplan;F;2;Chemin des sous Bois;83310;Grimaud;43.29137;6.60247;04 92 90 81 65;kaplan63@laposte.net;1963;Femme de menage
9000289;Angela S. Martinez;F;3;Rue Saint-jacques;83680;La Garde-Freinet;43.317295;6.469099;06 21 77 74 79;olaquetalangela@sfr.fr;1990;Traductrice
9000295;Farid Sahl;M;3;Corniche de Bruxelles;83820;Rayol-Canadel-sur-Mer;43.160347;6.480061;06 66 49 27 31;farid.sahl83@aol.com;1983;Sans emploi
9000410;Alexandre Martinet;M;2;Rue du Petit Plantier;83230;Bormes-les-Mimosas;43.140547;6.345146;04 99 33 70 00;alexmartifouet@gmail.fr;1996;Etudiant
9000416;Leslie Rousselle;F;38;Golf de Gassin;83580;Gassin;43.255522;6.607271;06 52 98 24 91;leslie.olivier.fanny@gmail.com;1969;Buraliste
9000510;John Fouquet;M;4;Sentier des Forets;83310;Grimaud;43.290602;6.597564;04 94 32 55 21;jojojohn@yahoo.fr;1993;Manager
9000541;Carrie J. McGrath;F;280;Avenue de Valensole;83310;Cogolin;43.2498;6.547673;04 01 59 06 70;carrie.my.mail@free.fr;1984;Serveuse
9000673;Tao Chia;M;1172;Route de Sainte Maxime;83120;Le Plan-de-la-Tour;43.333627;6.565996;06 71 34 76 70;tao.chia.ndong.ma@icloud.com;1951;Commercant
9000700;Justine Plessis;F;388;Route du Pont de Vinaigre;83310;Cogolin;43.262533;6.566161;06 86 82 72 53;plessis-avany-associes@orange.fr;1980;Avocate
9000711;Lucas Rousselle;M;54;Rue du Dom les Restanques;83120;Sainte-Maxime;43.324802;6.630791;04 30 94 76 47;rousselle6250@orange.fr;1942;Exploitant agricole
9000767;Linda Favre;F;503;Route de Tahiti;83350;Ramatuelle;43.249357;6.659006;04 54 39 95 33;favre.linda3@gmail.com;1961;Institutrice
9000789;Anisah Mahdiyah ;F;16;Avenue Raoul Nordling;83120;Sainte-Maxime;43.298021;6.624984;04 38 97 87 91;mahdiyah83120@gmail.com;1983;Ouvriere
9000856;Alphonsine Poullain;F;25;Lotissement le Cros d'Entassi;83310;Grimaud;43.291847;6.583474;04 93 20 75 89;alphonsine.poullain@free.fr;1979;Commercante
9000888;Michela Esposito;F;45;Rue Fernand Bessy;83120;Sainte-Maxime;43.308221;6.641193;04 32 74 99 36;esposito_photo@zoho.com;1945;Photographe
9004023;Victor Brasseur;M;7;Impasse du Colombier;83310;Cogolin;43.247825;6.533247;04 03 75 37 07;chaisvictor@orange.fr;1974;Viticulteur
9004045;Lorna Romani;F;131;Avenue Alfred Nobel;83100;Toulon;43.121031;5.948104;04 97 58 83 24;mapetitelibrairie@yahoo.fr;1982;Libraire
9004048;Liliana Trevisani;F;43;Avenue de la Liberte;83120;Sainte-Maxime;43.330035;6.596926;04 38 25 94 20;mamie-lili-on-t-aime@gmail.com;1952;Retraitee
9005056;Samuel Pretre;M;3;Chemin du Meinier;83120;Sainte-Maxime;43.313532;6.652808;04 42 23 91 26;samuel.pretre.journal@hotmail.com;1969;Journaliste
